{
  "benchmark": "cachegen_serde_microbench",
  "c_ops_available": true,
  "chunk_size_tokens": 256,
  "compression_ratio_original_over_serialized_mean": 2.8532014802375842,
  "cuda_visible_devices": "2",
  "decode_ms_max": 5.436184001155198,
  "decode_ms_mean": 5.3311788506107405,
  "decode_ms_min": 5.253581912256777,
  "decode_ms_p50": 5.327930499333888,
  "decode_ms_samples": [
    5.253581912256777,
    5.365252029150724,
    5.2828670013695955,
    5.282983998768032,
    5.290608969517052,
    5.436184001155198,
    5.3661809070035815,
    5.371771985664964
  ],
  "device": "NVIDIA GeForce RTX 3090",
  "dtype": "torch.bfloat16",
  "encode_ms_max": 7.447605952620506,
  "encode_ms_mean": 5.47498173546046,
  "encode_ms_min": 4.44376899395138,
  "encode_ms_p50": 4.788789956364781,
  "encode_ms_samples": [
    7.093618041835725,
    7.447605952620506,
    4.466611077077687,
    4.7749149380251765,
    4.453191999346018,
    6.317477906122804,
    4.44376899395138,
    4.802664974704385
  ],
  "iters": 8,
  "kv_shape_2ltd": [
    2,
    28,
    256,
    512
  ],
  "model": "/data1/llm/Qwen/Qwen2.5-7B-Instruct",
  "note": "Synthetic random one-chunk KV; measures CacheGen serialized payload bytes and serde latency outside vLLM path.",
  "original_bytes_per_chunk": 14680064,
  "projected_16k_full_original_gb": 0.875,
  "projected_16k_full_serialized_gb": 0.3066730499267578,
  "projected_32512_full_original_gb": 1.736328125,
  "projected_32512_full_serialized_gb": 0.60855433344841,
  "python_fallback": false,
  "roundtrip_max_abs_err_max": 0.36328125,
  "roundtrip_max_abs_err_mean": 0.36328125,
  "run_dir": "phase1_runs/20260423_165328_cachegen_serde_microbench",
  "serialized_bytes_per_chunk_max": 5145120,
  "serialized_bytes_per_chunk_mean": 5145120,
  "serialized_bytes_per_chunk_min": 5145120,
  "serialized_bytes_samples": [
    5145120,
    5145120,
    5145120,
    5145120,
    5145120,
    5145120,
    5145120,
    5145120
  ],
  "serialized_over_original_mean": 0.35048348563058035
}
